{
  "id": "2155809",
  "name": "淘宝作业",
  "font_family": "iconfont",
  "css_prefix_text": "icon-",
  "description": "",
  "glyphs": [
    {
      "icon_id": "5193376",
      "name": "店铺",
      "font_class": "dianpu",
      "unicode": "e60d",
      "unicode_decimal": 58893
    },
    {
      "icon_id": "9550596",
      "name": "客服",
      "font_class": "kefu",
      "unicode": "e61b",
      "unicode_decimal": 58907
    },
    {
      "icon_id": "12387140",
      "name": "收藏",
      "font_class": "shoucang",
      "unicode": "e90d",
      "unicode_decimal": 59661
    },
    {
      "icon_id": "720962",
      "name": "我的",
      "font_class": "xiazai4",
      "unicode": "e604",
      "unicode_decimal": 58884
    },
    {
      "icon_id": "2578445",
      "name": "订单",
      "font_class": "dingdan",
      "unicode": "e608",
      "unicode_decimal": 58888
    },
    {
      "icon_id": "6204097",
      "name": "首页",
      "font_class": "shouye",
      "unicode": "e60b",
      "unicode_decimal": 58891
    },
    {
      "icon_id": "7387043",
      "name": "我的",
      "font_class": "wode",
      "unicode": "e619",
      "unicode_decimal": 58905
    },
    {
      "icon_id": "8351822",
      "name": "购物车",
      "font_class": "gouwuche",
      "unicode": "e69e",
      "unicode_decimal": 59038
    },
    {
      "icon_id": "11370993",
      "name": "订单",
      "font_class": "dingdan-",
      "unicode": "e637",
      "unicode_decimal": 58935
    },
    {
      "icon_id": "12687176",
      "name": "购物车",
      "font_class": "icon-",
      "unicode": "e661",
      "unicode_decimal": 58977
    },
    {
      "icon_id": "15847845",
      "name": "首页",
      "font_class": "shouye1",
      "unicode": "e605",
      "unicode_decimal": 58885
    }
  ]
}
